[
{
    "model": "sitetree.tree",
    "pk": 1,
    "fields": {
        "title": "Python.org",
        "alias": "main"
    }
},
{
    "model": "sitetree.treeitem",
    "pk": 1,
    "fields": {
        "title": "Python",
        "hint": "The Python Programming Language",
        "url": "home",
        "urlaspattern": true,
        "tree": 1,
        "hidden": false,
        "alias": "python-meta",
        "description": "",
        "inmenu": true,
        "inbreadcrumbs": true,
        "insitetree": true,
        "access_loggedin": false,
        "access_guest": false,
        "access_restricted": false,
        "access_perm_type": 1,
        "parent": null,
        "sort_order": 1,
        "access_permissions": []
    }
},
{
    "model": "sitetree.treeitem",
    "pk": 2,
    "fields": {
        "title": "PSF",
        "hint": "The Python Software Foundation",
        "url": "psf-landing",
        "urlaspattern": true,
        "tree": 1,
        "hidden": false,
        "alias": "psf-meta",
        "description": "",
        "inmenu": true,
        "inbreadcrumbs": true,
        "insitetree": true,
        "access_loggedin": false,
        "access_guest": false,
        "access_restricted": false,
        "access_perm_type": 1,
        "parent": null,
        "sort_order": 2,
        "access_permissions": []
    }
},
{
    "model": "sitetree.treeitem",
    "pk": 3,
    "fields": {
        "title": "Docs",
        "hint": "Python Documentation",
        "url": "https://docs.python.org",
        "urlaspattern": false,
        "tree": 1,
        "hidden": false,
        "alias": "docs-meta",
        "description": "",
        "inmenu": true,
        "inbreadcrumbs": true,
        "insitetree": true,
        "access_loggedin": false,
        "access_guest": false,
        "access_restricted": false,
        "access_perm_type": 1,
        "parent": null,
        "sort_order": 3,
        "access_permissions": []
    }
},
{
    "model": "sitetree.treeitem",
    "pk": 4,
    "fields": {
        "title": "PyPI",
        "hint": "Python Package Index",
        "url": "https://pypi.org/",
        "urlaspattern": false,
        "tree": 1,
        "hidden": false,
        "alias": "pypi-meta",
        "description": "",
        "inmenu": true,
        "inbreadcrumbs": true,
        "insitetree": true,
        "access_loggedin": false,
        "access_guest": false,
        "access_restricted": false,
        "access_perm_type": 1,
        "parent": null,
        "sort_order": 4,
        "access_permissions": []
    }
},
{
    "model": "sitetree.treeitem",
    "pk": 5,
    "fields": {
        "title": "Jobs",
        "hint": "Python Job Board",
        "url": "jobs:job_list",
        "urlaspattern": true,
        "tree": 1,
        "hidden": false,
        "alias": "jobs-meta",
        "description": "",
        "inmenu": true,
        "inbreadcrumbs": true,
        "insitetree": true,
        "access_loggedin": false,
        "access_guest": false,
        "access_restricted": false,
        "access_perm_type": 1,
        "parent": null,
        "sort_order": 5,
        "access_permissions": []
    }
},
{
    "model": "sitetree.treeitem",
    "pk": 6,
    "fields": {
        "title": "Community",
        "hint": "Python Community",
        "url": "/community/",
        "urlaspattern": false,
        "tree": 1,
        "hidden": false,
        "alias": "shop-meta",
        "description": "",
        "inmenu": true,
        "inbreadcrumbs": true,
        "insitetree": true,
        "access_loggedin": false,
        "access_guest": false,
        "access_restricted": false,
        "access_perm_type": 1,
        "parent": null,
        "sort_order": 6,
        "access_permissions": []
    }
},
{
    "model": "sitetree.treeitem",
    "pk": 7,
    "fields": {
        "title": "About",
        "hint": "",
        "url": "about",
        "urlaspattern": true,
        "tree": 1,
        "hidden": false,
        "alias": "about",
        "description": "",
        "inmenu": true,
        "inbreadcrumbs": true,
        "insitetree": true,
        "access_loggedin": false,
        "access_guest": false,
        "access_restricted": false,
        "access_perm_type": 1,
        "parent": 1,
        "sort_order": 7,
        "access_permissions": []
    }
},
{
    "model": "sitetree.treeitem",
    "pk": 8,
    "fields": {
        "title": "Downloads",
        "hint": "",
        "url": "download:download",
        "urlaspattern": true,
        "tree": 1,
        "hidden": false,
        "alias": null,
        "description": "",
        "inmenu": true,
        "inbreadcrumbs": true,
        "insitetree": true,
        "access_loggedin": false,
        "access_guest": false,
        "access_restricted": false,
        "access_perm_type": 1,
        "parent": 1,
        "sort_order": 8,
        "access_permissions": []
    }
},
{
    "model": "sitetree.treeitem",
    "pk": 9,
    "fields": {
        "title": "Documentation",
        "hint": "",
        "url": "documentation",
        "urlaspattern": true,
        "tree": 1,
        "hidden": false,
        "alias": null,
        "description": "",
        "inmenu": true,
        "inbreadcrumbs": true,
        "insitetree": true,
        "access_loggedin": false,
        "access_guest": false,
        "access_restricted": false,
        "access_perm_type": 1,
        "parent": 1,
        "sort_order": 9,
        "access_permissions": []
    }
},
{
    "model": "sitetree.treeitem",
    "pk": 10,
    "fields": {
        "title": "Community",
        "hint": "",
        "url": "/community/",
        "urlaspattern": false,
        "tree": 1,
        "hidden": false,
        "alias": null,
        "description": "",
        "inmenu": true,
        "inbreadcrumbs": true,
        "insitetree": true,
        "access_loggedin": false,
        "access_guest": false,
        "access_restricted": false,
        "access_perm_type": 1,
        "parent": 1,
        "sort_order": 10,
        "access_permissions": []
    }
},
{
    "model": "sitetree.treeitem",
    "pk": 11,
    "fields": {
        "title": "Success Stories",
        "hint": "success-stories",
        "url": "/success-stories/",
        "urlaspattern": false,
        "tree": 1,
        "hidden": false,
        "alias": null,
        "description": "",
        "inmenu": true,
        "inbreadcrumbs": true,
        "insitetree": true,
        "access_loggedin": false,
        "access_guest": false,
        "access_restricted": false,
        "access_perm_type": 1,
        "parent": 1,
        "sort_order": 11,
        "access_permissions": []
    }
},
{
    "model": "sitetree.treeitem",
    "pk": 12,
    "fields": {
        "title": "News",
        "hint": "News from around the Python world",
        "url": "blog",
        "urlaspattern": true,
        "tree": 1,
        "hidden": false,
        "alias": null,
        "description": "",
        "inmenu": true,
        "inbreadcrumbs": true,
        "insitetree": true,
        "access_loggedin": false,
        "access_guest": false,
        "access_restricted": false,
        "access_perm_type": 1,
        "parent": 1,
        "sort_order": 12,
        "access_permissions": []
    }
},
{
    "model": "sitetree.treeitem",
    "pk": 13,
    "fields": {
        "title": "Events",
        "hint": "",
        "url": "/events/",
        "urlaspattern": false,
        "tree": 1,
        "hidden": false,
        "alias": null,
        "description": "",
        "inmenu": true,
        "inbreadcrumbs": true,
        "insitetree": true,
        "access_loggedin": false,
        "access_guest": false,
        "access_restricted": false,
        "access_perm_type": 1,
        "parent": 1,
        "sort_order": 13,
        "access_permissions": []
    }
},
{
    "model": "sitetree.treeitem",
    "pk": 14,
    "fields": {
        "title": "History / Mission",
        "hint": "",
        "url": "comingsoon",
        "urlaspattern": false,
        "tree": 1,
        "hidden": false,
        "alias": null,
        "description": "",
        "inmenu": false,
        "inbreadcrumbs": true,
        "insitetree": true,
        "access_loggedin": false,
        "access_guest": false,
        "access_restricted": false,
        "access_perm_type": 1,
        "parent": 7,
        "sort_order": 14,
        "access_permissions": []
    }
},
{
    "model": "sitetree.treeitem",
    "pk": 15,
    "fields": {
        "title": "Applications",
        "hint": "",
        "url": "/about/apps/",
        "urlaspattern": false,
        "tree": 1,
        "hidden": false,
        "alias": null,
        "description": "",
        "inmenu": true,
        "inbreadcrumbs": true,
        "insitetree": true,
        "access_loggedin": false,
        "access_guest": false,
        "access_restricted": false,
        "access_perm_type": 1,
        "parent": 7,
        "sort_order": 15,
        "access_permissions": []
    }
},
{
    "model": "sitetree.treeitem",
    "pk": 17,
    "fields": {
        "title": "Quotes",
        "hint": "",
        "url": "/about/quotes/",
        "urlaspattern": false,
        "tree": 1,
        "hidden": false,
        "alias": null,
        "description": "",
        "inmenu": true,
        "inbreadcrumbs": true,
        "insitetree": true,
        "access_loggedin": false,
        "access_guest": false,
        "access_restricted": false,
        "access_perm_type": 1,
        "parent": 7,
        "sort_order": 17,
        "access_permissions": []
    }
},
{
    "model": "sitetree.treeitem",
    "pk": 19,
    "fields": {
        "title": "All releases",
        "hint": "",
        "url": "download:download",
        "urlaspattern": true,
        "tree": 1,
        "hidden": false,
        "alias": null,
        "description": "",
        "inmenu": true,
        "inbreadcrumbs": true,
        "insitetree": true,
        "access_loggedin": false,
        "access_guest": false,
        "access_restricted": false,
        "access_perm_type": 1,
        "parent": 8,
        "sort_order": 19,
        "access_permissions": []
    }
},
{
    "model": "sitetree.treeitem",
    "pk": 20,
    "fields": {
        "title": "macOS",
        "hint": "",
        "url": "/downloads/macos/",
        "urlaspattern": false,
        "tree": 1,
        "hidden": false,
        "alias": null,
        "description": "",
        "inmenu": true,
        "inbreadcrumbs": true,
        "insitetree": true,
        "access_loggedin": false,
        "access_guest": false,
        "access_restricted": false,
        "access_perm_type": 1,
        "parent": 8,
        "sort_order": 22,
        "access_permissions": []
    }
},
{
    "model": "sitetree.treeitem",
    "pk": 21,
    "fields": {
        "title": "Windows",
        "hint": "",
        "url": "/downloads/windows/",
        "urlaspattern": false,
        "tree": 1,
        "hidden": false,
        "alias": null,
        "description": "",
        "inmenu": true,
        "inbreadcrumbs": true,
        "insitetree": true,
        "access_loggedin": false,
        "access_guest": false,
        "access_restricted": false,
        "access_perm_type": 1,
        "parent": 8,
        "sort_order": 21,
        "access_permissions": []
    }
},
{
    "model": "sitetree.treeitem",
    "pk": 22,
    "fields": {
        "title": "Source code",
        "hint": "",
        "url": "/downloads/source/",
        "urlaspattern": false,
        "tree": 1,
        "hidden": false,
        "alias": null,
        "description": "",
        "inmenu": true,
        "inbreadcrumbs": true,
        "insitetree": true,
        "access_loggedin": false,
        "access_guest": false,
        "access_restricted": false,
        "access_perm_type": 1,
        "parent": 8,
        "sort_order": 20,
        "access_permissions": []
    }
},
{
    "model": "sitetree.treeitem",
    "pk": 23,
    "fields": {
        "title": "Other Platforms",
        "hint": "",
        "url": "/download/other/",
        "urlaspattern": false,
        "tree": 1,
        "hidden": false,
        "alias": null,
        "description": "",
        "inmenu": true,
        "inbreadcrumbs": true,
        "insitetree": true,
        "access_loggedin": false,
        "access_guest": false,
        "access_restricted": false,
        "access_perm_type": 1,
        "parent": 8,
        "sort_order": 23,
        "access_permissions": []
    }
},
{
    "model": "sitetree.treeitem",
    "pk": 24,
    "fields": {
        "title": "License",
        "hint": "",
        "url": "https://docs.python.org/3/license.html",
        "urlaspattern": false,
        "tree": 1,
        "hidden": false,
        "alias": null,
        "description": "",
        "inmenu": true,
        "inbreadcrumbs": true,
        "insitetree": true,
        "access_loggedin": false,
        "access_guest": false,
        "access_restricted": false,
        "access_perm_type": 1,
        "parent": 8,
        "sort_order": 24,
        "access_permissions": []
    }
},
{
    "model": "sitetree.treeitem",
    "pk": 25,
    "fields": {
        "title": "Docs",
        "hint": "",
        "url": "documentation",
        "urlaspattern": true,
        "tree": 1,
        "hidden": false,
        "alias": null,
        "description": "",
        "inmenu": true,
        "inbreadcrumbs": true,
        "insitetree": true,
        "access_loggedin": false,
        "access_guest": false,
        "access_restricted": false,
        "access_perm_type": 1,
        "parent": 9,
        "sort_order": 25,
        "access_permissions": []
    }
},
{
    "model": "sitetree.treeitem",
    "pk": 26,
    "fields": {
        "title": "Audio/Visual Talks",
        "hint": "",
        "url": "/doc/av",
        "urlaspattern": false,
        "tree": 1,
        "hidden": false,
        "alias": null,
        "description": "",
        "inmenu": true,
        "inbreadcrumbs": true,
        "insitetree": true,
        "access_loggedin": false,
        "access_guest": false,
        "access_restricted": false,
        "access_perm_type": 1,
        "parent": 9,
        "sort_order": 26,
        "access_permissions": []
    }
},
{
    "model": "sitetree.treeitem",
    "pk": 27,
    "fields": {
        "title": "Beginner's Guide",
        "hint": "",
        "url": "https://wiki.python.org/moin/BeginnersGuide",
        "urlaspattern": false,
        "tree": 1,
        "hidden": false,
        "alias": null,
        "description": "",
        "inmenu": true,
        "inbreadcrumbs": true,
        "insitetree": true,
        "access_loggedin": false,
        "access_guest": false,
        "access_restricted": false,
        "access_perm_type": 1,
        "parent": 9,
        "sort_order": 27,
        "access_permissions": []
    }
},
{
    "model": "sitetree.treeitem",
    "pk": 28,
    "fields": {
        "title": "Developer's Guide",
        "hint": "",
        "url": "https://devguide.python.org/",
        "urlaspattern": false,
        "tree": 1,
        "hidden": false,
        "alias": null,
        "description": "",
        "inmenu": true,
        "inbreadcrumbs": true,
        "insitetree": true,
        "access_loggedin": false,
        "access_guest": false,
        "access_restricted": false,
        "access_perm_type": 1,
        "parent": 9,
        "sort_order": 28,
        "access_permissions": []
    }
},
{
    "model": "sitetree.treeitem",
    "pk": 29,
    "fields": {
        "title": "FAQ",
        "hint": "",
        "url": "https://docs.python.org/faq/",
        "urlaspattern": false,
        "tree": 1,
        "hidden": false,
        "alias": null,
        "description": "",
        "inmenu": true,
        "inbreadcrumbs": true,
        "insitetree": true,
        "access_loggedin": false,
        "access_guest": false,
        "access_restricted": false,
        "access_perm_type": 1,
        "parent": 9,
        "sort_order": 29,
        "access_permissions": []
    }
},
{
    "model": "sitetree.treeitem",
    "pk": 30,
    "fields": {
        "title": "Non-English Docs",
        "hint": "",
        "url": "http://wiki.python.org/moin/Languages",
        "urlaspattern": false,
        "tree": 1,
        "hidden": false,
        "alias": null,
        "description": "",
        "inmenu": true,
        "inbreadcrumbs": true,
        "insitetree": true,
        "access_loggedin": false,
        "access_guest": false,
        "access_restricted": false,
        "access_perm_type": 1,
        "parent": 9,
        "sort_order": 30,
        "access_permissions": []
    }
},
{
    "model": "sitetree.treeitem",
    "pk": 31,
    "fields": {
        "title": "PEP Index",
        "hint": "",
        "url": "https://peps.python.org",
        "urlaspattern": false,
        "tree": 1,
        "hidden": false,
        "alias": null,
        "description": "",
        "inmenu": true,
        "inbreadcrumbs": true,
        "insitetree": true,
        "access_loggedin": false,
        "access_guest": false,
        "access_restricted": false,
        "access_perm_type": 1,
        "parent": 9,
        "sort_order": 31,
        "access_permissions": []
    }
},
{
    "model": "sitetree.treeitem",
    "pk": 33,
    "fields": {
        "title": "Diversity",
        "hint": "",
        "url": "/community/diversity/",
        "urlaspattern": false,
        "tree": 1,
        "hidden": false,
        "alias": null,
        "description": "",
        "inmenu": true,
        "inbreadcrumbs": true,
        "insitetree": true,
        "access_loggedin": false,
        "access_guest": false,
        "access_restricted": false,
        "access_perm_type": 1,
        "parent": 10,
        "sort_order": 34,
        "access_permissions": []
    }
},
{
    "model": "sitetree.treeitem",
    "pk": 34,
    "fields": {
        "title": "IRC",
        "hint": "",
        "url": "/community/irc/",
        "urlaspattern": false,
        "tree": 1,
        "hidden": false,
        "alias": null,
        "description": "",
        "inmenu": true,
        "inbreadcrumbs": true,
        "insitetree": true,
        "access_loggedin": false,
        "access_guest": false,
        "access_restricted": false,
        "access_perm_type": 1,
        "parent": 10,
        "sort_order": 36,
        "access_permissions": []
    }
},
{
    "model": "sitetree.treeitem",
    "pk": 35,
    "fields": {
        "title": "Mailing Lists",
        "hint": "",
        "url": "/community/lists/",
        "urlaspattern": false,
        "tree": 1,
        "hidden": false,
        "alias": null,
        "description": "",
        "inmenu": true,
        "inbreadcrumbs": true,
        "insitetree": true,
        "access_loggedin": false,
        "access_guest": false,
        "access_restricted": false,
        "access_perm_type": 1,
        "parent": 10,
        "sort_order": 35,
        "access_permissions": []
    }
},
{
    "model": "sitetree.treeitem",
    "pk": 36,
    "fields": {
        "title": "Python Conferences",
        "hint": "",
        "url": "/community/workshops/",
        "urlaspattern": false,
        "tree": 1,
        "hidden": false,
        "alias": null,
        "description": "",
        "inmenu": true,
        "inbreadcrumbs": true,
        "insitetree": true,
        "access_loggedin": false,
        "access_guest": false,
        "access_restricted": false,
        "access_perm_type": 1,
        "parent": 10,
        "sort_order": 88,
        "access_permissions": []
    }
},
{
    "model": "sitetree.treeitem",
    "pk": 37,
    "fields": {
        "title": "Special Interest Groups",
        "hint": "",
        "url": "/community/sigs/",
        "urlaspattern": false,
        "tree": 1,
        "hidden": false,
        "alias": null,
        "description": "",
        "inmenu": true,
        "inbreadcrumbs": true,
        "insitetree": true,
        "access_loggedin": false,
        "access_guest": false,
        "access_restricted": false,
        "access_perm_type": 1,
        "parent": 10,
        "sort_order": 89,
        "access_permissions": []
    }
},
{
    "model": "sitetree.treeitem",
    "pk": 38,
    "fields": {
        "title": "Arts",
        "hint": "",
        "url": "/success-stories/category/arts/",
        "urlaspattern": false,
        "tree": 1,
        "hidden": false,
        "alias": null,
        "description": "",
        "inmenu": true,
        "inbreadcrumbs": true,
        "insitetree": true,
        "access_loggedin": false,
        "access_guest": false,
        "access_restricted": false,
        "access_perm_type": 1,
        "parent": 11,
        "sort_order": 38,
        "access_permissions": []
    }
},
{
    "model": "sitetree.treeitem",
    "pk": 39,
    "fields": {
        "title": "Business",
        "hint": "",
        "url": "/success-stories/category/business/",
        "urlaspattern": false,
        "tree": 1,
        "hidden": false,
        "alias": null,
        "description": "",
        "inmenu": true,
        "inbreadcrumbs": true,
        "insitetree": true,
        "access_loggedin": false,
        "access_guest": false,
        "access_restricted": false,
        "access_perm_type": 1,
        "parent": 11,
        "sort_order": 39,
        "access_permissions": []
    }
},
{
    "model": "sitetree.treeitem",
    "pk": 40,
    "fields": {
        "title": "Education",
        "hint": "",
        "url": "/success-stories/category/education/",
        "urlaspattern": false,
        "tree": 1,
        "hidden": false,
        "alias": null,
        "description": "",
        "inmenu": true,
        "inbreadcrumbs": true,
        "insitetree": true,
        "access_loggedin": false,
        "access_guest": false,
        "access_restricted": false,
        "access_perm_type": 1,
        "parent": 11,
        "sort_order": 40,
        "access_permissions": []
    }
},
{
    "model": "sitetree.treeitem",
    "pk": 41,
    "fields": {
        "title": "Engineering",
        "hint": "",
        "url": "/success-stories/category/engineering/",
        "urlaspattern": false,
        "tree": 1,
        "hidden": false,
        "alias": null,
        "description": "",
        "inmenu": true,
        "inbreadcrumbs": true,
        "insitetree": true,
        "access_loggedin": false,
        "access_guest": false,
        "access_restricted": false,
        "access_perm_type": 1,
        "parent": 11,
        "sort_order": 41,
        "access_permissions": []
    }
},
{
    "model": "sitetree.treeitem",
    "pk": 42,
    "fields": {
        "title": "Government",
        "hint": "",
        "url": "/success-stories/category/government/",
        "urlaspattern": false,
        "tree": 1,
        "hidden": false,
        "alias": null,
        "description": "",
        "inmenu": true,
        "inbreadcrumbs": true,
        "insitetree": true,
        "access_loggedin": false,
        "access_guest": false,
        "access_restricted": false,
        "access_perm_type": 1,
        "parent": 11,
        "sort_order": 42,
        "access_permissions": []
    }
},
{
    "model": "sitetree.treeitem",
    "pk": 43,
    "fields": {
        "title": "Scientific",
        "hint": "",
        "url": "/success-stories/category/scientific/",
        "urlaspattern": false,
        "tree": 1,
        "hidden": false,
        "alias": null,
        "description": "",
        "inmenu": true,
        "inbreadcrumbs": true,
        "insitetree": true,
        "access_loggedin": false,
        "access_guest": false,
        "access_restricted": false,
        "access_perm_type": 1,
        "parent": 11,
        "sort_order": 43,
        "access_permissions": []
    }
},
{
    "model": "sitetree.treeitem",
    "pk": 44,
    "fields": {
        "title": "Software Development",
        "hint": "",
        "url": "/success-stories/category/software-development/",
        "urlaspattern": false,
        "tree": 1,
        "hidden": false,
        "alias": null,
        "description": "",
        "inmenu": true,
        "inbreadcrumbs": true,
        "insitetree": true,
        "access_loggedin": false,
        "access_guest": false,
        "access_restricted": false,
        "access_perm_type": 1,
        "parent": 11,
        "sort_order": 44,
        "access_permissions": []
    }
},
{
    "model": "sitetree.treeitem",
    "pk": 49,
    "fields": {
        "title": "Python Events",
        "hint": "",
        "url": "/events/python-events",
        "urlaspattern": false,
        "tree": 1,
        "hidden": false,
        "alias": null,
        "description": "",
        "inmenu": true,
        "inbreadcrumbs": true,
        "insitetree": true,
        "access_loggedin": false,
        "access_guest": false,
        "access_restricted": false,
        "access_perm_type": 1,
        "parent": 13,
        "sort_order": 49,
        "access_permissions": []
    }
},
{
    "model": "sitetree.treeitem",
    "pk": 50,
    "fields": {
        "title": "Python Events Archive",
        "hint": "",
        "url": "/events/python-events/past/",
        "urlaspattern": false,
        "tree": 1,
        "hidden": false,
        "alias": null,
        "description": "",
        "inmenu": true,
        "inbreadcrumbs": true,
        "insitetree": true,
        "access_loggedin": false,
        "access_guest": false,
        "access_restricted": false,
        "access_perm_type": 1,
        "parent": 13,
        "sort_order": 51,
        "access_permissions": []
    }
},
{
    "model": "sitetree.treeitem",
    "pk": 51,
    "fields": {
        "title": "Python Conferences",
        "hint": "",
        "url": "inner",
        "urlaspattern": true,
        "tree": 1,
        "hidden": true,
        "alias": null,
        "description": "",
        "inmenu": true,
        "inbreadcrumbs": true,
        "insitetree": true,
        "access_loggedin": false,
        "access_guest": false,
        "access_restricted": false,
        "access_perm_type": 1,
        "parent": 13,
        "sort_order": 94,
        "access_permissions": []
    }
},
{
    "model": "sitetree.treeitem",
    "pk": 52,
    "fields": {
        "title": "Release Schedule",
        "hint": "",
        "url": "inner",
        "urlaspattern": true,
        "tree": 1,
        "hidden": true,
        "alias": null,
        "description": "",
        "inmenu": true,
        "inbreadcrumbs": true,
        "insitetree": true,
        "access_loggedin": false,
        "access_guest": false,
        "access_restricted": false,
        "access_perm_type": 1,
        "parent": 13,
        "sort_order": 95,
        "access_permissions": []
    }
},
{
    "model": "sitetree.treeitem",
    "pk": 53,
    "fields": {
        "title": "About",
        "hint": "",
        "url": "/psf/about/",
        "urlaspattern": false,
        "tree": 1,
        "hidden": false,
        "alias": null,
        "description": "",
        "inmenu": true,
        "inbreadcrumbs": true,
        "insitetree": true,
        "access_loggedin": false,
        "access_guest": false,
        "access_restricted": false,
        "access_perm_type": 1,
        "parent": 2,
        "sort_order": 53,
        "access_permissions": []
    }
},
{
    "model": "sitetree.treeitem",
    "pk": 54,
    "fields": {
        "title": "Membership",
        "hint": "",
        "url": "/psf/membership/",
        "urlaspattern": false,
        "tree": 1,
        "hidden": false,
        "alias": null,
        "description": "",
        "inmenu": true,
        "inbreadcrumbs": true,
        "insitetree": true,
        "access_loggedin": false,
        "access_guest": false,
        "access_restricted": false,
        "access_perm_type": 1,
        "parent": 2,
        "sort_order": 55,
        "access_permissions": []
    }
},
{
    "model": "sitetree.treeitem",
    "pk": 55,
    "fields": {
        "title": "Donations ",
        "hint": "",
        "url": "/psf/donations/",
        "urlaspattern": false,
        "tree": 1,
        "hidden": false,
        "alias": null,
        "description": "",
        "inmenu": true,
        "inbreadcrumbs": true,
        "insitetree": true,
        "access_loggedin": false,
        "access_guest": false,
        "access_restricted": false,
        "access_perm_type": 1,
        "parent": 2,
        "sort_order": 56,
        "access_permissions": []
    }
},
{
    "model": "sitetree.treeitem",
    "pk": 56,
    "fields": {
        "title": "Legal",
        "hint": "",
        "url": "/about/legal/",
        "urlaspattern": false,
        "tree": 1,
        "hidden": false,
        "alias": null,
        "description": "",
        "inmenu": true,
        "inbreadcrumbs": true,
        "insitetree": true,
        "access_loggedin": false,
        "access_guest": false,
        "access_restricted": false,
        "access_perm_type": 1,
        "parent": 2,
        "sort_order": 58,
        "access_permissions": []
    }
},
{
    "model": "sitetree.treeitem",
    "pk": 57,
    "fields": {
        "title": "Media",
        "hint": "",
        "url": "https://www.python.org/psf/press-release/",
        "urlaspattern": false,
        "tree": 1,
        "hidden": false,
        "alias": null,
        "description": "",
        "inmenu": true,
        "inbreadcrumbs": true,
        "insitetree": true,
        "access_loggedin": false,
        "access_guest": false,
        "access_restricted": false,
        "access_perm_type": 1,
        "parent": 2,
        "sort_order": 62,
        "access_permissions": []
    }
},
{
    "model": "sitetree.treeitem",
    "pk": 58,
    "fields": {
        "title": "PSF Blog",
        "hint": "",
        "url": "http://pyfound.blogspot.com/",
        "urlaspattern": false,
        "tree": 1,
        "hidden": false,
        "alias": null,
        "description": "",
        "inmenu": true,
        "inbreadcrumbs": true,
        "insitetree": true,
        "access_loggedin": false,
        "access_guest": false,
        "access_restricted": false,
        "access_perm_type": 1,
        "parent": 2,
        "sort_order": 122,
        "access_permissions": []
    }
},
{
    "model": "sitetree.treeitem",
    "pk": 59,
    "fields": {
        "title": "Executive Summary",
        "hint": "",
        "url": "/psf/summary/",
        "urlaspattern": false,
        "tree": 1,
        "hidden": false,
        "alias": null,
        "description": "",
        "inmenu": true,
        "inbreadcrumbs": true,
        "insitetree": true,
        "access_loggedin": false,
        "access_guest": false,
        "access_restricted": false,
        "access_perm_type": 1,
        "parent": 53,
        "sort_order": 59,
        "access_permissions": []
    }
},
{
    "model": "sitetree.treeitem",
    "pk": 60,
    "fields": {
        "title": "Mission statement",
        "hint": "",
        "url": "/psf/mission/",
        "urlaspattern": false,
        "tree": 1,
        "hidden": false,
        "alias": null,
        "description": "",
        "inmenu": true,
        "inbreadcrumbs": true,
        "insitetree": true,
        "access_loggedin": false,
        "access_guest": false,
        "access_restricted": false,
        "access_perm_type": 1,
        "parent": 53,
        "sort_order": 60,
        "access_permissions": []
    }
},
{
    "model": "sitetree.treeitem",
    "pk": 61,
    "fields": {
        "title": "Public records",
        "hint": "",
        "url": "/psf/records/",
        "urlaspattern": false,
        "tree": 1,
        "hidden": false,
        "alias": null,
        "description": "",
        "inmenu": true,
        "inbreadcrumbs": true,
        "insitetree": true,
        "access_loggedin": false,
        "access_guest": false,
        "access_restricted": false,
        "access_perm_type": 1,
        "parent": 53,
        "sort_order": 61,
        "access_permissions": []
    }
},
{
    "model": "sitetree.treeitem",
    "pk": 62,
    "fields": {
        "title": "Sponsorship",
        "hint": "",
        "url": "/psf/sponsorship/",
        "urlaspattern": false,
        "tree": 1,
        "hidden": false,
        "alias": null,
        "description": "",
        "inmenu": true,
        "inbreadcrumbs": true,
        "insitetree": true,
        "access_loggedin": false,
        "access_guest": false,
        "access_restricted": false,
        "access_perm_type": 1,
        "parent": 2,
        "sort_order": 54,
        "access_permissions": []
    }
},
{
    "model": "sitetree.treeitem",
    "pk": 63,
    "fields": {
        "title": "Membership FAQ",
        "hint": "",
        "url": "/psf/membership/",
        "urlaspattern": false,
        "tree": 1,
        "hidden": false,
        "alias": null,
        "description": "",
        "inmenu": true,
        "inbreadcrumbs": true,
        "insitetree": true,
        "access_loggedin": false,
        "access_guest": false,
        "access_restricted": false,
        "access_perm_type": 1,
        "parent": 54,
        "sort_order": 63,
        "access_permissions": []
    }
},
{
    "model": "sitetree.treeitem",
    "pk": 64,
    "fields": {
        "title": "Membership roster",
        "hint": "",
        "url": "/psf/members/",
        "urlaspattern": false,
        "tree": 1,
        "hidden": false,
        "alias": null,
        "description": "",
        "inmenu": true,
        "inbreadcrumbs": true,
        "insitetree": true,
        "access_loggedin": false,
        "access_guest": false,
        "access_restricted": false,
        "access_perm_type": 1,
        "parent": 54,
        "sort_order": 64,
        "access_permissions": []
    }
},
{
    "model": "sitetree.treeitem",
    "pk": 65,
    "fields": {
        "title": "League",
        "hint": "",
        "url": "/psf/league/",
        "urlaspattern": false,
        "tree": 1,
        "hidden": false,
        "alias": null,
        "description": "",
        "inmenu": true,
        "inbreadcrumbs": true,
        "insitetree": true,
        "access_loggedin": false,
        "access_guest": false,
        "access_restricted": false,
        "access_perm_type": 1,
        "parent": 54,
        "sort_order": 65,
        "access_permissions": []
    }
},
{
    "model": "sitetree.treeitem",
    "pk": 66,
    "fields": {
        "title": "Sign up as member",
        "hint": "",
        "url": "/users/membership/",
        "urlaspattern": false,
        "tree": 1,
        "hidden": false,
        "alias": null,
        "description": "",
        "inmenu": true,
        "inbreadcrumbs": true,
        "insitetree": true,
        "access_loggedin": false,
        "access_guest": false,
        "access_restricted": false,
        "access_perm_type": 1,
        "parent": 54,
        "sort_order": 66,
        "access_permissions": []
    }
},
{
    "model": "sitetree.treeitem",
    "pk": 67,
    "fields": {
        "title": "Volunteer",
        "hint": "",
        "url": "/psf/volunteer/",
        "urlaspattern": false,
        "tree": 1,
        "hidden": false,
        "alias": null,
        "description": "",
        "inmenu": true,
        "inbreadcrumbs": true,
        "insitetree": true,
        "access_loggedin": false,
        "access_guest": false,
        "access_restricted": false,
        "access_perm_type": 1,
        "parent": 55,
        "sort_order": 68,
        "access_permissions": []
    }
},
{
    "model": "sitetree.treeitem",
    "pk": 68,
    "fields": {
        "title": "Contribution forms",
        "hint": "",
        "url": "/psf/contrib/",
        "urlaspattern": false,
        "tree": 1,
        "hidden": false,
        "alias": null,
        "description": "",
        "inmenu": true,
        "inbreadcrumbs": true,
        "insitetree": true,
        "access_loggedin": false,
        "access_guest": false,
        "access_restricted": false,
        "access_perm_type": 1,
        "parent": 55,
        "sort_order": 69,
        "access_permissions": []
    }
},
{
    "model": "sitetree.treeitem",
    "pk": 69,
    "fields": {
        "title": "Grants program",
        "hint": "",
        "url": "/psf/grants/",
        "urlaspattern": false,
        "tree": 1,
        "hidden": false,
        "alias": null,
        "description": "",
        "inmenu": true,
        "inbreadcrumbs": true,
        "insitetree": true,
        "access_loggedin": false,
        "access_guest": false,
        "access_restricted": false,
        "access_perm_type": 1,
        "parent": 122,
        "sort_order": 70,
        "access_permissions": []
    }
},
{
    "model": "sitetree.treeitem",
    "pk": 70,
    "fields": {
        "title": "Suspicious checks",
        "hint": "",
        "url": "/psf/fraud/",
        "urlaspattern": false,
        "tree": 1,
        "hidden": false,
        "alias": null,
        "description": "",
        "inmenu": true,
        "inbreadcrumbs": true,
        "insitetree": true,
        "access_loggedin": false,
        "access_guest": false,
        "access_restricted": false,
        "access_perm_type": 1,
        "parent": 55,
        "sort_order": 110,
        "access_permissions": []
    }
},
{
    "model": "sitetree.treeitem",
    "pk": 71,
    "fields": {
        "title": "Bylaws",
        "hint": "",
        "url": "/psf/bylaws/",
        "urlaspattern": false,
        "tree": 1,
        "hidden": false,
        "alias": null,
        "description": "",
        "inmenu": true,
        "inbreadcrumbs": true,
        "insitetree": true,
        "access_loggedin": false,
        "access_guest": false,
        "access_restricted": false,
        "access_perm_type": 1,
        "parent": 56,
        "sort_order": 71,
        "access_permissions": []
    }
},
{
    "model": "sitetree.treeitem",
    "pk": 72,
    "fields": {
        "title": "Trademark policy",
        "hint": "",
        "url": "/psf/trademarks/",
        "urlaspattern": false,
        "tree": 1,
        "hidden": false,
        "alias": null,
        "description": "",
        "inmenu": true,
        "inbreadcrumbs": true,
        "insitetree": true,
        "access_loggedin": false,
        "access_guest": false,
        "access_restricted": false,
        "access_perm_type": 1,
        "parent": 56,
        "sort_order": 72,
        "access_permissions": []
    }
},
{
    "model": "sitetree.treeitem",
    "pk": 73,
    "fields": {
        "title": "Weblog policy",
        "hint": "",
        "url": "/psf/weblog-policy/",
        "urlaspattern": false,
        "tree": 1,
        "hidden": false,
        "alias": null,
        "description": "",
        "inmenu": true,
        "inbreadcrumbs": true,
        "insitetree": true,
        "access_loggedin": false,
        "access_guest": false,
        "access_restricted": false,
        "access_perm_type": 1,
        "parent": 56,
        "sort_order": 73,
        "access_permissions": []
    }
},
{
    "model": "sitetree.treeitem",
    "pk": 74,
    "fields": {
        "title": "License",
        "hint": "",
        "url": "/psf/license",
        "urlaspattern": false,
        "tree": 1,
        "hidden": false,
        "alias": null,
        "description": "",
        "inmenu": true,
        "inbreadcrumbs": true,
        "insitetree": true,
        "access_loggedin": false,
        "access_guest": false,
        "access_restricted": false,
        "access_perm_type": 1,
        "parent": 56,
        "sort_order": 74,
        "access_permissions": []
    }
},
{
    "model": "sitetree.treeitem",
    "pk": 75,
    "fields": {
        "title": "Press releases",
        "hint": "",
        "url": "/psf/press-release/",
        "urlaspattern": false,
        "tree": 1,
        "hidden": false,
        "alias": null,
        "description": "",
        "inmenu": true,
        "inbreadcrumbs": true,
        "insitetree": true,
        "access_loggedin": false,
        "access_guest": false,
        "access_restricted": false,
        "access_perm_type": 1,
        "parent": 57,
        "sort_order": 75,
        "access_permissions": []
    }
},
{
    "model": "sitetree.treeitem",
    "pk": 76,
    "fields": {
        "title": "Community Awards",
        "hint": "",
        "url": "/community/awards/",
        "urlaspattern": false,
        "tree": 1,
        "hidden": false,
        "alias": null,
        "description": "",
        "inmenu": true,
        "inbreadcrumbs": true,
        "insitetree": true,
        "access_loggedin": false,
        "access_guest": false,
        "access_restricted": false,
        "access_perm_type": 1,
        "parent": 54,
        "sort_order": 76,
        "access_permissions": []
    }
},
{
    "model": "sitetree.treeitem",
    "pk": 77,
    "fields": {
        "title": "Logo",
        "hint": "",
        "url": "/community/logos/",
        "urlaspattern": false,
        "tree": 1,
        "hidden": false,
        "alias": null,
        "description": "",
        "inmenu": true,
        "inbreadcrumbs": true,
        "insitetree": true,
        "access_loggedin": false,
        "access_guest": false,
        "access_restricted": false,
        "access_perm_type": 1,
        "parent": 57,
        "sort_order": 77,
        "access_permissions": []
    }
},
{
    "model": "sitetree.treeitem",
    "pk": 78,
    "fields": {
        "title": "All Job Types",
        "hint": "",
        "url": "jobs:job_types",
        "urlaspattern": true,
        "tree": 1,
        "hidden": false,
        "alias": null,
        "description": "",
        "inmenu": true,
        "inbreadcrumbs": true,
        "insitetree": true,
        "access_loggedin": false,
        "access_guest": false,
        "access_restricted": false,
        "access_perm_type": 1,
        "parent": 79,
        "sort_order": 78,
        "access_permissions": []
    }
},
{
    "model": "sitetree.treeitem",
    "pk": 79,
    "fields": {
        "title": "Types",
        "hint": "",
        "url": "jobs:job_types",
        "urlaspattern": true,
        "tree": 1,
        "hidden": false,
        "alias": null,
        "description": "",
        "inmenu": true,
        "inbreadcrumbs": true,
        "insitetree": true,
        "access_loggedin": false,
        "access_guest": false,
        "access_restricted": false,
        "access_perm_type": 1,
        "parent": 5,
        "sort_order": 79,
        "access_permissions": []
    }
},
{
    "model": "sitetree.treeitem",
    "pk": 80,
    "fields": {
        "title": "Categories",
        "hint": "",
        "url": "jobs:job_categories",
        "urlaspattern": true,
        "tree": 1,
        "hidden": false,
        "alias": null,
        "description": "",
        "inmenu": true,
        "inbreadcrumbs": true,
        "insitetree": true,
        "access_loggedin": false,
        "access_guest": false,
        "access_restricted": false,
        "access_perm_type": 1,
        "parent": 5,
        "sort_order": 80,
        "access_permissions": []
    }
},
{
    "model": "sitetree.treeitem",
    "pk": 81,
    "fields": {
        "title": "All Company Category",
        "hint": "",
        "url": "jobs:job_categories",
        "urlaspattern": true,
        "tree": 1,
        "hidden": false,
        "alias": null,
        "description": "",
        "inmenu": true,
        "inbreadcrumbs": true,
        "insitetree": true,
        "access_loggedin": false,
        "access_guest": false,
        "access_restricted": false,
        "access_perm_type": 1,
        "parent": 80,
        "sort_order": 81,
        "access_permissions": []
    }
},
{
    "model": "sitetree.treeitem",
    "pk": 82,
    "fields": {
        "title": "Locations",
        "hint": "",
        "url": "jobs:job_locations",
        "urlaspattern": true,
        "tree": 1,
        "hidden": false,
        "alias": null,
        "description": "",
        "inmenu": true,
        "inbreadcrumbs": true,
        "insitetree": true,
        "access_loggedin": false,
        "access_guest": false,
        "access_restricted": false,
        "access_perm_type": 1,
        "parent": 5,
        "sort_order": 82,
        "access_permissions": []
    }
},
{
    "model": "sitetree.treeitem",
    "pk": 83,
    "fields": {
        "title": "All Job Locations",
        "hint": "",
        "url": "jobs:job_locations",
        "urlaspattern": true,
        "tree": 1,
        "hidden": false,
        "alias": null,
        "description": "",
        "inmenu": true,
        "inbreadcrumbs": true,
        "insitetree": true,
        "access_loggedin": false,
        "access_guest": false,
        "access_restricted": false,
        "access_perm_type": 1,
        "parent": 82,
        "sort_order": 83,
        "access_permissions": []
    }
},
{
    "model": "sitetree.treeitem",
    "pk": 84,
    "fields": {
        "title": "Submit",
        "hint": "",
        "url": "jobs:job_create",
        "urlaspattern": true,
        "tree": 1,
        "hidden": false,
        "alias": null,
        "description": "",
        "inmenu": true,
        "inbreadcrumbs": true,
        "insitetree": true,
        "access_loggedin": false,
        "access_guest": false,
        "access_restricted": false,
        "access_perm_type": 1,
        "parent": 5,
        "sort_order": 84,
        "access_permissions": []
    }
},
{
    "model": "sitetree.treeitem",
    "pk": 85,
    "fields": {
        "title": "Getting Started",
        "hint": "",
        "url": "/about/gettingstarted/",
        "urlaspattern": false,
        "tree": 1,
        "hidden": false,
        "alias": null,
        "description": "",
        "inmenu": true,
        "inbreadcrumbs": true,
        "insitetree": true,
        "access_loggedin": false,
        "access_guest": false,
        "access_restricted": false,
        "access_perm_type": 1,
        "parent": 7,
        "sort_order": 18,
        "access_permissions": []
    }
},
{
    "model": "sitetree.treeitem",
    "pk": 86,
    "fields": {
        "title": "Categories",
        "hint": "",
        "url": "/events/python-events/categories",
        "urlaspattern": false,
        "tree": 1,
        "hidden": true,
        "alias": null,
        "description": "",
        "inmenu": true,
        "inbreadcrumbs": true,
        "insitetree": true,
        "access_loggedin": false,
        "access_guest": false,
        "access_restricted": false,
        "access_perm_type": 1,
        "parent": 13,
        "sort_order": 93,
        "access_permissions": []
    }
},
{
    "model": "sitetree.treeitem",
    "pk": 88,
    "fields": {
        "title": "Python Logo",
        "hint": "",
        "url": "/community/logos/",
        "urlaspattern": false,
        "tree": 1,
        "hidden": false,
        "alias": null,
        "description": "",
        "inmenu": true,
        "inbreadcrumbs": true,
        "insitetree": true,
        "access_loggedin": false,
        "access_guest": false,
        "access_restricted": false,
        "access_perm_type": 1,
        "parent": 10,
        "sort_order": 90,
        "access_permissions": []
    }
},
{
    "model": "sitetree.treeitem",
    "pk": 89,
    "fields": {
        "title": "Merchandise",
        "hint": "",
        "url": "/community/merchandise/",
        "urlaspattern": false,
        "tree": 1,
        "hidden": false,
        "alias": null,
        "description": "",
        "inmenu": true,
        "inbreadcrumbs": true,
        "insitetree": true,
        "access_loggedin": false,
        "access_guest": false,
        "access_restricted": false,
        "access_perm_type": 1,
        "parent": 10,
        "sort_order": 116,
        "access_permissions": []
    }
},
{
    "model": "sitetree.treeitem",
    "pk": 90,
    "fields": {
        "title": "Python Wiki",
        "hint": "",
        "url": "https://wiki.python.org/moin/",
        "urlaspattern": false,
        "tree": 1,
        "hidden": false,
        "alias": null,
        "description": "",
        "inmenu": true,
        "inbreadcrumbs": true,
        "insitetree": true,
        "access_loggedin": false,
        "access_guest": false,
        "access_restricted": false,
        "access_perm_type": 1,
        "parent": 10,
        "sort_order": 91,
        "access_permissions": []
    }
},
{
    "model": "sitetree.treeitem",
    "pk": 91,
    "fields": {
        "title": "Community Awards",
        "hint": "",
        "url": "/community/awards",
        "urlaspattern": false,
        "tree": 1,
        "hidden": false,
        "alias": null,
        "description": "",
        "inmenu": true,
        "inbreadcrumbs": true,
        "insitetree": true,
        "access_loggedin": false,
        "access_guest": false,
        "access_restricted": false,
        "access_perm_type": 1,
        "parent": 10,
        "sort_order": 119,
        "access_permissions": []
    }
},
{
    "model": "sitetree.treeitem",
    "pk": 92,
    "fields": {
        "title": "Alternative Implementations",
        "hint": "",
        "url": "/download/alternatives",
        "urlaspattern": false,
        "tree": 1,
        "hidden": false,
        "alias": null,
        "description": "",
        "inmenu": true,
        "inbreadcrumbs": true,
        "insitetree": true,
        "access_loggedin": false,
        "access_guest": false,
        "access_restricted": false,
        "access_perm_type": 1,
        "parent": 8,
        "sort_order": 92,
        "access_permissions": []
    }
},
{
    "model": "sitetree.treeitem",
    "pk": 93,
    "fields": {
        "title": "User Group Events",
        "hint": "",
        "url": "/events/python-user-group/",
        "urlaspattern": false,
        "tree": 1,
        "hidden": false,
        "alias": null,
        "description": "",
        "inmenu": true,
        "inbreadcrumbs": true,
        "insitetree": true,
        "access_loggedin": false,
        "access_guest": false,
        "access_restricted": false,
        "access_perm_type": 1,
        "parent": 13,
        "sort_order": 50,
        "access_permissions": []
    }
},
{
    "model": "sitetree.treeitem",
    "pk": 94,
    "fields": {
        "title": "User Group Events Archive",
        "hint": "",
        "url": "/events/python-user-group/past/",
        "urlaspattern": false,
        "tree": 1,
        "hidden": false,
        "alias": null,
        "description": "",
        "inmenu": true,
        "inbreadcrumbs": true,
        "insitetree": true,
        "access_loggedin": false,
        "access_guest": false,
        "access_restricted": false,
        "access_perm_type": 1,
        "parent": 13,
        "sort_order": 52,
        "access_permissions": []
    }
},
{
    "model": "sitetree.treeitem",
    "pk": 95,
    "fields": {
        "title": "Submit an Event",
        "hint": "",
        "url": "https://wiki.python.org/moin/PythonEventsCalendar#Submitting_an_Event",
        "urlaspattern": false,
        "tree": 1,
        "hidden": false,
        "alias": null,
        "description": "",
        "inmenu": true,
        "inbreadcrumbs": true,
        "insitetree": true,
        "access_loggedin": false,
        "access_guest": false,
        "access_restricted": false,
        "access_perm_type": 1,
        "parent": 13,
        "sort_order": 86,
        "access_permissions": []
    }
},
{
    "model": "sitetree.treeitem",
    "pk": 96,
    "fields": {
        "title": "Python News",
        "hint": "Python Insider Blog Posts",
        "url": "blog",
        "urlaspattern": true,
        "tree": 1,
        "hidden": false,
        "alias": null,
        "description": "Python Insider is the blog used by the Python Core Developers to announce news related to the Python programming language.",
        "inmenu": true,
        "inbreadcrumbs": true,
        "insitetree": true,
        "access_loggedin": false,
        "access_guest": false,
        "access_restricted": false,
        "access_perm_type": 1,
        "parent": 12,
        "sort_order": 96,
        "access_permissions": []
    }
},
{
    "model": "sitetree.treeitem",
    "pk": 97,
    "fields": {
        "title": "PSF News",
        "hint": "PSF Blog",
        "url": "http://pyfound.blogspot.com/",
        "urlaspattern": false,
        "tree": 1,
        "hidden": false,
        "alias": null,
        "description": "News from the Python Software Foundation (PSF).",
        "inmenu": true,
        "inbreadcrumbs": true,
        "insitetree": true,
        "access_loggedin": false,
        "access_guest": false,
        "access_restricted": false,
        "access_perm_type": 1,
        "parent": 12,
        "sort_order": 98,
        "access_permissions": []
    }
},
{
    "model": "sitetree.treeitem",
    "pk": 98,
    "fields": {
        "title": "Community News",
        "hint": "Planet Python",
        "url": "http://planetpython.org/",
        "urlaspattern": false,
        "tree": 1,
        "hidden": false,
        "alias": null,
        "description": "Aggregated blogs from the Python community.",
        "inmenu": true,
        "inbreadcrumbs": true,
        "insitetree": true,
        "access_loggedin": false,
        "access_guest": false,
        "access_restricted": false,
        "access_perm_type": 1,
        "parent": 12,
        "sort_order": 97,
        "access_permissions": []
    }
},
{
    "model": "sitetree.treeitem",
    "pk": 99,
    "fields": {
        "title": "PyCon News",
        "hint": "PyCon Blog",
        "url": "http://pycon.blogspot.com/",
        "urlaspattern": false,
        "tree": 1,
        "hidden": false,
        "alias": null,
        "description": "The PyCon blog covers news for the international PSF run PyCon conference in North America, as well as news from other Python conferences around the world.",
        "inmenu": true,
        "inbreadcrumbs": true,
        "insitetree": true,
        "access_loggedin": false,
        "access_guest": false,
        "access_restricted": false,
        "access_perm_type": 1,
        "parent": 12,
        "sort_order": 99,
        "access_permissions": []
    }
},
{
    "model": "sitetree.treeitem",
    "pk": 100,
    "fields": {
        "title": "Python Books",
        "hint": "",
        "url": "https://wiki.python.org/moin/PythonBooks",
        "urlaspattern": false,
        "tree": 1,
        "hidden": false,
        "alias": null,
        "description": "",
        "inmenu": true,
        "inbreadcrumbs": true,
        "insitetree": true,
        "access_loggedin": false,
        "access_guest": false,
        "access_restricted": false,
        "access_perm_type": 1,
        "parent": 9,
        "sort_order": 100,
        "access_permissions": []
    }
},
{
    "model": "sitetree.treeitem",
    "pk": 101,
    "fields": {
        "title": "PyCon Trademark Policy",
        "hint": "",
        "url": "/psf/trademarks/pycon/",
        "urlaspattern": false,
        "tree": 1,
        "hidden": false,
        "alias": null,
        "description": "",
        "inmenu": true,
        "inbreadcrumbs": true,
        "insitetree": true,
        "access_loggedin": false,
        "access_guest": false,
        "access_restricted": false,
        "access_perm_type": 1,
        "parent": 72,
        "sort_order": 101,
        "access_permissions": []
    }
},
{
    "model": "sitetree.treeitem",
    "pk": 102,
    "fields": {
        "title": "Python Community Code of Conduct",
        "hint": "",
        "url": "/psf/codeofconduct/",
        "urlaspattern": false,
        "tree": 1,
        "hidden": false,
        "alias": null,
        "description": "",
        "inmenu": true,
        "inbreadcrumbs": true,
        "insitetree": true,
        "access_loggedin": false,
        "access_guest": false,
        "access_restricted": false,
        "access_perm_type": 1,
        "parent": 54,
        "sort_order": 109,
        "access_permissions": []
    }
},
{
    "model": "sitetree.treeitem",
    "pk": 103,
    "fields": {
        "title": "Help",
        "hint": "",
        "url": "/about/help/",
        "urlaspattern": false,
        "tree": 1,
        "hidden": false,
        "alias": null,
        "description": "",
        "inmenu": true,
        "inbreadcrumbs": true,
        "insitetree": true,
        "access_loggedin": false,
        "access_guest": false,
        "access_restricted": false,
        "access_perm_type": 1,
        "parent": 7,
        "sort_order": 103,
        "access_permissions": []
    }
},
{
    "model": "sitetree.treeitem",
    "pk": 104,
    "fields": {
        "title": "Contributing",
        "hint": "",
        "url": "/dev/",
        "urlaspattern": false,
        "tree": 1,
        "hidden": false,
        "alias": "python-footer",
        "description": "",
        "inmenu": true,
        "inbreadcrumbs": false,
        "insitetree": false,
        "access_loggedin": false,
        "access_guest": false,
        "access_restricted": false,
        "access_perm_type": 1,
        "parent": 1,
        "sort_order": 104,
        "access_permissions": []
    }
},
{
    "model": "sitetree.treeitem",
    "pk": 105,
    "fields": {
        "title": "Developer's Guide",
        "hint": "",
        "url": "https://devguide.python.org/",
        "urlaspattern": false,
        "tree": 1,
        "hidden": false,
        "alias": null,
        "description": "",
        "inmenu": true,
        "inbreadcrumbs": true,
        "insitetree": true,
        "access_loggedin": false,
        "access_guest": false,
        "access_restricted": false,
        "access_perm_type": 1,
        "parent": 104,
        "sort_order": 105,
        "access_permissions": []
    }
},
{
    "model": "sitetree.treeitem",
    "pk": 106,
    "fields": {
        "title": "Issue Tracker",
        "hint": "",
        "url": "https://github.com/python/cpython/issues/",
        "urlaspattern": false,
        "tree": 1,
        "hidden": false,
        "alias": null,
        "description": "",
        "inmenu": true,
        "inbreadcrumbs": true,
        "insitetree": true,
        "access_loggedin": false,
        "access_guest": false,
        "access_restricted": false,
        "access_perm_type": 1,
        "parent": 104,
        "sort_order": 106,
        "access_permissions": []
    }
},
{
    "model": "sitetree.treeitem",
    "pk": 107,
    "fields": {
        "title": "python-dev list",
        "hint": "",
        "url": "https://mail.python.org/mailman/listinfo/python-dev",
        "urlaspattern": false,
        "tree": 1,
        "hidden": false,
        "alias": null,
        "description": "",
        "inmenu": true,
        "inbreadcrumbs": true,
        "insitetree": true,
        "access_loggedin": false,
        "access_guest": false,
        "access_restricted": false,
        "access_perm_type": 1,
        "parent": 104,
        "sort_order": 107,
        "access_permissions": []
    }
},
{
    "model": "sitetree.treeitem",
    "pk": 108,
    "fields": {
        "title": "Core Mentorship",
        "hint": "",
        "url": "/dev/core-mentorship/",
        "urlaspattern": false,
        "tree": 1,
        "hidden": false,
        "alias": null,
        "description": "",
        "inmenu": true,
        "inbreadcrumbs": true,
        "insitetree": true,
        "access_loggedin": false,
        "access_guest": false,
        "access_restricted": false,
        "access_perm_type": 1,
        "parent": 104,
        "sort_order": 108,
        "access_permissions": []
    }
},
{
    "model": "sitetree.treeitem",
    "pk": 109,
    "fields": {
        "title": "Self-certify as voting member",
        "hint": "",
        "url": "http://pyfound.blogspot.de/2015/02/enroll-as-psf-voting-member.html",
        "urlaspattern": false,
        "tree": 1,
        "hidden": false,
        "alias": null,
        "description": "",
        "inmenu": true,
        "inbreadcrumbs": true,
        "insitetree": true,
        "access_loggedin": false,
        "access_guest": false,
        "access_restricted": false,
        "access_perm_type": 1,
        "parent": 54,
        "sort_order": 102,
        "access_permissions": []
    }
},
{
    "model": "sitetree.treeitem",
    "pk": 110,
    "fields": {
        "title": "Donations",
        "hint": "",
        "url": "/psf/donations/",
        "urlaspattern": false,
        "tree": 1,
        "hidden": false,
        "alias": null,
        "description": "",
        "inmenu": true,
        "inbreadcrumbs": true,
        "insitetree": true,
        "access_loggedin": false,
        "access_guest": false,
        "access_restricted": false,
        "access_perm_type": 1,
        "parent": 55,
        "sort_order": 67,
        "access_permissions": []
    }
},
{
    "model": "sitetree.treeitem",
    "pk": 111,
    "fields": {
        "title": "Outreach & Education",
        "hint": "",
        "url": "/psf/grants/",
        "urlaspattern": false,
        "tree": 1,
        "hidden": true,
        "alias": null,
        "description": "",
        "inmenu": true,
        "inbreadcrumbs": true,
        "insitetree": true,
        "access_loggedin": false,
        "access_guest": false,
        "access_restricted": false,
        "access_perm_type": 1,
        "parent": 55,
        "sort_order": 111,
        "access_permissions": []
    }
},
{
    "model": "sitetree.treeitem",
    "pk": 112,
    "fields": {
        "title": "Sprints Funding",
        "hint": "",
        "url": "/psf/grants/",
        "urlaspattern": false,
        "tree": 1,
        "hidden": true,
        "alias": null,
        "description": "",
        "inmenu": false,
        "inbreadcrumbs": false,
        "insitetree": false,
        "access_loggedin": false,
        "access_guest": false,
        "access_restricted": false,
        "access_perm_type": 1,
        "parent": 55,
        "sort_order": 112,
        "access_permissions": []
    }
},
{
    "model": "sitetree.treeitem",
    "pk": 113,
    "fields": {
        "title": "PSF Workgroups",
        "hint": "",
        "url": "/psf/committees/",
        "urlaspattern": false,
        "tree": 1,
        "hidden": false,
        "alias": null,
        "description": "",
        "inmenu": true,
        "inbreadcrumbs": true,
        "insitetree": true,
        "access_loggedin": false,
        "access_guest": false,
        "access_restricted": false,
        "access_perm_type": 1,
        "parent": 53,
        "sort_order": 113,
        "access_permissions": []
    }
},
{
    "model": "sitetree.treeitem",
    "pk": 114,
    "fields": {
        "title": "Python Brochure",
        "hint": "",
        "url": "http://brochure.getpython.info/",
        "urlaspattern": false,
        "tree": 1,
        "hidden": false,
        "alias": null,
        "description": "",
        "inmenu": true,
        "inbreadcrumbs": true,
        "insitetree": true,
        "access_loggedin": false,
        "access_guest": false,
        "access_restricted": false,
        "access_perm_type": 1,
        "parent": 7,
        "sort_order": 114,
        "access_permissions": []
    }
},
{
    "model": "sitetree.treeitem",
    "pk": 115,
    "fields": {
        "title": "PSF Sponsors",
        "hint": "",
        "url": "/psf/sponsors/",
        "urlaspattern": false,
        "tree": 1,
        "hidden": false,
        "alias": null,
        "description": "",
        "inmenu": true,
        "inbreadcrumbs": true,
        "insitetree": true,
        "access_loggedin": false,
        "access_guest": false,
        "access_restricted": false,
        "access_perm_type": 1,
        "parent": 62,
        "sort_order": 115,
        "access_permissions": []
    }
},
{
    "model": "sitetree.treeitem",
    "pk": 116,
    "fields": {
        "title": "Code of Conduct",
        "hint": "",
        "url": "https://www.python.org/psf/codeofconduct/",
        "urlaspattern": false,
        "tree": 1,
        "hidden": false,
        "alias": null,
        "description": "",
        "inmenu": true,
        "inbreadcrumbs": true,
        "insitetree": true,
        "access_loggedin": false,
        "access_guest": false,
        "access_restricted": false,
        "access_perm_type": 1,
        "parent": 10,
        "sort_order": 120,
        "access_permissions": []
    }
},
{
    "model": "sitetree.treeitem",
    "pk": 118,
    "fields": {
        "title": "Python Essays",
        "hint": "",
        "url": "/doc/essays/",
        "urlaspattern": false,
        "tree": 1,
        "hidden": false,
        "alias": null,
        "description": "",
        "inmenu": true,
        "inbreadcrumbs": true,
        "insitetree": true,
        "access_loggedin": false,
        "access_guest": false,
        "access_restricted": false,
        "access_perm_type": 1,
        "parent": 9,
        "sort_order": 118,
        "access_permissions": []
    }
},
{
    "model": "sitetree.treeitem",
    "pk": 119,
    "fields": {
        "title": "Forums",
        "hint": "",
        "url": "/community/forums/",
        "urlaspattern": false,
        "tree": 1,
        "hidden": false,
        "alias": null,
        "description": "",
        "inmenu": true,
        "inbreadcrumbs": true,
        "insitetree": true,
        "access_loggedin": false,
        "access_guest": false,
        "access_restricted": false,
        "access_perm_type": 1,
        "parent": 10,
        "sort_order": 37,
        "access_permissions": []
    }
},
{
    "model": "sitetree.treeitem",
    "pk": 120,
    "fields": {
        "title": "Community Survey",
        "hint": "",
        "url": "/community/survey",
        "urlaspattern": false,
        "tree": 1,
        "hidden": false,
        "alias": null,
        "description": "",
        "inmenu": true,
        "inbreadcrumbs": true,
        "insitetree": true,
        "access_loggedin": false,
        "access_guest": false,
        "access_restricted": false,
        "access_perm_type": 1,
        "parent": 10,
        "sort_order": 33,
        "access_permissions": []
    }
},
{
    "model": "sitetree.treeitem",
    "pk": 121,
    "fields": {
        "title": "Report a Security Issue",
        "hint": "",
        "url": "/news/security/",
        "urlaspattern": false,
        "tree": 1,
        "hidden": false,
        "alias": null,
        "description": "",
        "inmenu": true,
        "inbreadcrumbs": true,
        "insitetree": true,
        "access_loggedin": false,
        "access_guest": false,
        "access_restricted": false,
        "access_perm_type": 1,
        "parent": 104,
        "sort_order": 121,
        "access_permissions": []
    }
},
{
    "model": "sitetree.treeitem",
    "pk": 122,
    "fields": {
        "title": "Grants",
        "hint": "",
        "url": "/psf/grants/",
        "urlaspattern": false,
        "tree": 1,
        "hidden": false,
        "alias": null,
        "description": "",
        "inmenu": true,
        "inbreadcrumbs": true,
        "insitetree": true,
        "access_loggedin": false,
        "access_guest": false,
        "access_restricted": false,
        "access_perm_type": 1,
        "parent": 2,
        "sort_order": 57,
        "access_permissions": []
    }
},
{
    "model": "sitetree.treeitem",
    "pk": 123,
    "fields": {
        "title": "Grants Program FAQ",
        "hint": "",
        "url": "/psf/grants/faq/",
        "urlaspattern": false,
        "tree": 1,
        "hidden": false,
        "alias": null,
        "description": "",
        "inmenu": true,
        "inbreadcrumbs": true,
        "insitetree": true,
        "access_loggedin": false,
        "access_guest": false,
        "access_restricted": false,
        "access_perm_type": 1,
        "parent": 122,
        "sort_order": 123,
        "access_permissions": []
    }
}
]
